{
	"schemaVersion": 1,
	"id": "litematica",
	"name": "Litematica",
	"version": "${mod_version}",

	"description": "A modern schematic mod for LiteLoader, Rift, Fabric etc.",
	"authors": [
		"masa"
	],
	"contact": {
		"homepage": "https://www.curseforge.com/minecraft/mc-mods/litematica",
		"issues": "https://github.com/maruohon/litematica/issues",
		"sources": "https://github.com/maruohon/litematica",
		"twitter": "https://twitter.com/maruohon",
		"discord": "https://discordapp.com/channels/211786369951989762/453662800460644354/"
	},

	"license": "LGPLv3",
	"icon": "assets/litematica/icon.png",

	"environment": "client",
	"entrypoints": {
		"main": [
			"fi.dy.masa.litematica.Litematica"
		],
		"modmenu": [
			"fi.dy.masa.litematica.compat.modmenu.ModMenuImpl"
		]
	},

	"mixins": [
		"mixins.litematica.json"
	],

	"depends": {
		"minecraft": "1.21.5",
		"malilib": ">=0.24.0-sakura.7"
	},
	"suggests": {
		"sodium": "*",
		"iris": ">=1.8.11"
	}
}
