{
    "required": true,
    "package": "fi.dy.masa.litematica.mixin",
    "compatibilityLevel": "JAVA_21",
    "minVersion": "0.8",
    "mixins": [
        "IMixinProfilerSystem",
        "block.IMixinAbstractBlock",
        "block.IMixinFenceGateBlock",
        "block.IMixinRedstoneWireBlock",
        "block.IMixinStairsBlock",
        "block.IMixinVineBlock",
        "block.IMixinWallMountedBlock",
        "block.MixinBlock",
        "block.MixinBlockStateFlattening",
        "block.MixinChestBlock",
        "block.MixinRailBlocks",
        "block.MixinStairsBlock",
        "entity.IMixinEntity",
        "entity.IMixinSignBlockEntity",
        "item.MixinBlockItem",
        "network.IMixinChunkDeltaUpdateS2CPacket",
        "network.MixinServerPlayNetworkHandler",
        "server.MixinMinecraftServer",
        "world.IMixinWorld",
        "world.IMixinWorldTickScheduler",
        "world.MixinWorld",
        "world.MixinWorldChunk"
    ],
    "client": [
        "IMixinKeyBinding",
        "MixinMinecraftClient",
        "MixinMinecraftClient_easyPlace",
        "entity.MixinAbstractSignEditScreen",
        "hud.MixinDebugHud",
        "network.MixinClientCommonNetworkHandler",
        "network.MixinClientPlayerInteractionManager",
        "network.MixinClientPlayNetworkHandler",
        "render.MixinBufferBuilder",
        "render.MixinWorldRenderer",
        "screen.IMixinHandledScreen",
        "screen.MixinHandledScreen",
        "world.MixinClientWorld"
    ],
    "server": [],
    "injectors": {
        "defaultRequire": 1
    }
}
